Conc,OD
10,1.0012
5,0.9618
2.5,0.7626
1.25,0.33715
0.625,0.1676
0.3125,0.0752
0.15625,0.0491
0,-0.0508
